id_transcript;alg
ENSCAFT00000005773_90_90;----------------------------------------------------------------------------------------------------------------------------------------------------------------------------------------------------------------------------------------------------------------------------------------------------------------------------------------------------------------------------------------------------------------------------------------------------------------------------------------------------------------------------------------------------------------------------------------------------------------------------------------------------------------------------------------------------------------------------------------------------------------------------------------------------------------------------------------------------------------------------------------------------ATGGCGGCAGCCGAGGCCGCGAACTGCATCATGGA------------------------------------------------------------------------------------------------------------------------------------------------------------------------------------------GAATTTTGTAGCCACCTTGGC--TAATGGGATGAGCCTCCAGCCGCCTCTTGAAGAAGTC------------------------------------------------------------------------------------------------------------------------------------------------TCCTGTGGCCAGGCAGAAAGCAGCGAGAAGCCCAATGCTGAGGACATGACGTCCAAAGATTACTACTTTGATTCCTATGCTCACTTCGGCATTCACGAGGAGATGCTGAAAGATGAGGTGCGCACCCTCACCTACCGAAACTCCATGTTTCACAACCGGCACCTCTTCAAAGACAAGGTGGTGTTGGATGTGGGCTCGGGCACAGGGATCCTCTGTATGTTTGCTGCCAAGGCTGGAGCCCGCAAGGTCATTGGGATCGAGTGTTCCAGTATCTCTGATTATGCGGTGAAGATCGTCAAAGCCAACAAGTTAGACCATGTGGTGACCATCATCAAGGGCAAGGTGGAGGAAGTAGAGCTTCCGGTGGAGAAGGTGGACATCATTATCAGCGAGTGGATGGGCTACTGCCTTTTCTACGAGTCAATGCTCAACACCGTGCTCTATGCCCGAGACAAGTGGCTGGCACCTGATGGCCTCATCTTCCCGGACCGAGCCACGCTGTATGTGACAGCCATCGAAGACCGGCAGTACAAAGACTACAAGATTCACTGGTGGGAGAACGTGTACGGCTTTGACATGTCCTGCATCAAAGACGTGGCCATCAAGGAGCCCCTGGTGGACGTGGTAGACCCCAAGCAGCTGGTCACCAACGCCTGCCTCATAAAGGAGGTGGACATCTATACTGTCAAGGTGGAGGACCTGACCTTCACCTCCCCCTTCTGCCTGCAAGTGAAGCGGAATGACTACGTGCACGCCCTGGTGGCCTACTTCAACATCGAGTTCACCCGCTGCCACAAGAGGACGGGCTTCTCCACCAGCCCTGAGTCCCCGTACACGCACTGGAAGCAGACCGTGTTCTACATGGAGGACTACCTGACCGTGAAGACGGGCGAGGAAATTTTTGGCACCATTGGCATGCGGCCCAATGCCAAGAATAATCGTGACCTGGACTTCACCATCGATCTGGACTTCAAGGGCCAGCTGTGTGAGCTGTCCTGCTCCACGGACTACCGAATGCGC---------------------------------------------------------------------------------------------------------------------------------------------------------------------------------------------------------------------------------------------------------------------------------------------------------------------------------------------------------------------------------------------------------------------------------------------------------------------------------------------------------------------------------------------------------------------------------------------------------------------------------------------------------------------------------------------------------------------------------------------------------------------------------------------------------------------------------------------------------------------------------------------------------------------------------------------------------------------------------------------------------------------------------------------------------
ENST00000391851_90_90;----------------------------------------------------------------------------------------------------------------------------------------------------------------------------------------------------------------------------------------------------------------------------------------------------------------------------------------------------------------------------------------------------------------------------------------------------------------------------------------------------------------------------------------------------------------------------------------------------------------------------------------------------------------------------------------------------------------------------------------------------------------------------------------------------------------------------------------------------------------------------------------------------ATGGCGGCAGCCGAGGCCGCGAACTGCATCATGGAG-----------------------------------------------------------------------------------------------------------------------------------------------------------------------------------------------------------------------------------------------------------------------------------------------------------------------------------------------------------------------------GTG---------------------TCCTGTGGCCAGGCGGAAAGCAGTGAGAAGCCCAACGCTGAGGACATGACATCCAAAGATTACTACTTTGACTCCTACGCACACTTTGGCATCCACGAGGAGATGCTGAAGGACGAGGTGCGCACCCTCACTTACCGCAACTCCATGTTTCATAACCGGCACCTCTTCAAGGACAAGGTGGTGCTGGACGTCGGCTCGGGCACCGGCATCCTCTGCATGTTTGCTGCCAAGGCCGGGGCCCGCAAGGTCATCGGGATCGAGTGTTCCAGTATCTCTGATTATGCGGTGAAGATCGTCAAAGCCAACAAGTTAGACCACGTGGTGACCATCATCAAGGGGAAGGTGGAGGAGGTGGAGCTCCCAGTGGAGAAGGTGGACATCATCATCAGCGAGTGGATGGGCTACTGCCTCTTCTACGAGTCCATGCTCAACACCGTGCTCTATGCCCGGGACAAGTGGCTGGCGCCCGATGGCCTCATCTTCCCAGACCGGGCCACGCTGTATGTGACGGCCATCGAGGACCGGCAGTACAAAGACTACAAGATCCACTGGTGGGAGAACGTGTATGGCTTCGACATGTCTTGCATCAAAGATGTGGCCATTAAGGAGCCCCTAGTGGATGTCGTGGACCCCAAACAGCTGGTCACCAACGCCTGCCTCATAAAGGAGGTGGACATCTATACCGTCAAGGTGGAAGACCTGACCTTCACCTCCCCGTTCTGCCTGCAAGTGAAGCGGAATGACTACGTGCACGCCCTGGTGGCCTACTTCAACATCGAGTTCACACGCTGCCACAAGAGGACCGGCTTCTCCACCAGCCCCGAGTCCCCGTACACGCACTGGAAGCAGACGGTGTTCTACATGGAGGACTACCTGACCGTGAAGACGGGCGAGGAGATCTTCGGCACCATCGGCATGCGGCCCAACGCCAAGAACAACCGGGACCTGGACTTCACCATCGACCTGGACTTCAAGGGCCAGCTGTGCGAGCTGTCCTGCTCCACCGACTACCGGATGCGC---------------------------------------------------------------------------------------------------------------------------------------------------------------------------------------------------------------------------------------------------------------------------------------------------------------------------------------------------------------------------------------------------------------------------------------------------------------------------------------------------------------------------------------------------------------------------------------------------------------------------------------------------------------------------------------------------------------------------------------------------------------------------------------------------------------------------------------------------------------------------------------------------------------------------------------------------------------------------------------------------------------------------------------------------------
ENST00000454376_90_90;----------------------------------------------------------------------------------------------------------------------------------------------------------------------------------------------------------------------------------------------------------------------------------------------------------------------------------------------------------------------------------------------------------------------------------------------------------------------------------------------------------------------------------------------------------------------------------------------------------------------------------------------------------------------------------------------------------------------------------------------------------------------------------------------------------------------------------------------------------------------------------------------------ATGGCGGCAGCCGAGGCCGCGAACTGCATCATGGAG------------------------------------------------------------------------------------------------------------------------------------------------------------------------------------------AATTTTGTAGCCACCTTGGC--TAATGGGATGAGCCTCCAGCCGCCTCTTGAAGAA---------------------------------------------------------------------------------------------------------------------------GTG---------------------TCCTGTGGCCAGGCGGAAAGCAGTGAGAAGCCCAACGCTGAGGACATGACATCCAAAGATTACTACTTTGACTCCTACGCACACTTTGGCATCCACGAGGAGATGCTGAAGGACGAGGTGCGCACCCTCACTTACCGCAACTCCATGTTTCATAACCGGCACCTCTTCAAGGACAAGGTGGTGCTGGACGTCGGCTCGGGCACCGGCATCCTCTGCATGTTTGCTGCCAAGGCCGGGGCCCGCAAGGTCATCGGGATCGAGTGTTCCAGTATCTCTGATTATGCGGTGAAGATCGTCAAAGCCAACAAGTTAGACCACGTGGTGACCATCATCAAGGGGAAGGTGGAGGAGGTGGAGCTCCCAGTGGAGAAGGTGGACATCATCATCAGCGAGTGGATGGGCTACTGCCTCTTCTACGAGTCCATGCTCAACACCGTGCTCTATGCCCGGGACAAGTGGCTGGCGCCCGATGGCCTCATCTTCCCAGACCGGGCCACGCTGTATGTGACGGCCATCGAGGACCGGCAGTACAAAGACTACAAGATCCACTGGTGGGAGAACGTGTATGGCTTCGACATGTCTTGCATCAAAGATGTGGCCATTAAGGAGCCCCTAGTGGATGTCGTGGACCCCAAACAGCTGGTCACCAACGCCTGCCTCATAAAGGAGGTGGACATCTATACCGTCAAGGTGGAAGACCTGACCTTCACCTCCCCGTTCTGCCTGCAAGTGAAGCGGAATGACTACGTGCACGCCCTGGTGGCCTACTTCAACATCGAGTTCACACGCTGCCACAAGAGGACCGGCTTCTCCACCAGCCCCGAGTCCCCGTACACGCACTGGAAGCAGACGGTGTTCTACATGGAGGACTACCTGACCGTGAAGACGGGCGAGGAGATCTTCGGCACCATCGGCATGCGGCCCAACGCCAAGAACAACCGGGACCTGGACTTCACCATCGACCTGGACTTCAAGGGCCAGCTGTGCGAGCTGTCCTGCTCCACCGACTACCGGATGCGC---------------------------------------------------------------------------------------------------------------------------------------------------------------------------------------------------------------------------------------------------------------------------------------------------------------------------------------------------------------------------------------------------------------------------------------------------------------------------------------------------------------------------------------------------------------------------------------------------------------------------------------------------------------------------------------------------------------------------------------------------------------------------------------------------------------------------------------------------------------------------------------------------------------------------------------------------------------------------------------------------------------------------------------------------------
ENST00000524771_90_90;-----------------------------------------------------------------------------------------------------------------------------------------------------------------------------------------------------------------------------------------------------------------------------------------------------------------------------------------------------------------------------------------------------------------------------------------------------------------------------------------------------------------------------------------------------------------------------------------------------------------------------------------------------------------------------------------------------------------------------------------------------------------------------------------------------------------------------------------------------------------------------------------------------------------AGGCCGCGAACTGCATCATGGAGGTGAGCGCTTGGAGCGCCGCCGTGGGCGGGAGGCGGCTTTGG------------------------------------------------------------------------------------------------------------------------------------------------AATTTTGTAGCCACCTTGGC--TAATGGGATGAGCCTCCAGCCGCCTCTTGAAGAA---------------------------------------------------------------------------------------------------------------------------GTG---------------------TCCTGTGGCCAGGCGGAAAGCAGTGAGAAGCCCAACGCTGAGGACATGACATCCAAAGATTACTACTTTGACTCCTACGCACACTTTGGCATCCACGAGGAGATGCTGAAGGACGAGGTGCGCACCCTCACTTACCGCAACTCCATGTTTCATAACCGGCACCTCTTCAAGGACAAGGTGGTGCTGGACGTCGGCTCGGGCACCGGCATCCTCTGCATGTTTGCTGCCAAGGCCGGGGCCCGCAAGGTCATCGGGATCGAGTGTTCCAGTATCTCTGATTATGCGGTGAAGATCGTCAAAGCCAACAAGTTAGACCACGTGGTGACCATCATCAAGGGGAAGGTGGAGGAGGTGGAGCTCCCAGTGGAGAAGGTGGACATCATCATCAGCGAGTGGATGGGCTACTGCCTCTTCTACGAGTCCATGCTCAACACCGTGCTCTATGCCCGGGACAAGTGGCTGGCGCCCGATGGCCTCATCTTCCCAGACCGGGCCACGCTGTATGTGACGGCCATCGAGGACCGGCAGTACAAAGACTACAAGATCCACTGGTGGGAGAACGTGTATGGCTTCGACATGTCTTGCATCAAA------------------------------------------------------------------------------------------------------------------------------------------------------------------------------------------------------------------------------------------------------------------------------------------------------------------------------------------------------------------------------------------------------------------------------------------------------------------------------------------------------------------------------------------------------------------------------------------------------------------------------------------------------------------------------------------------------------------------------------------------------------------------------------------------------------------------------------------------------------------------------------------------------------------------------------------------------------------------------------------------------------------------------------------------------------------------------------------------------------------------------------------------------------------------------------------------------------------------------------------------------------------------------------------------------------------------------------------------------------------------------------------------------------------------------------------------------------------------------------------------------
ENST00000526224_90_90;------------------------------------------------------------------------------------------------------------------------------------------------------------------------------------------------------------------------------------------------------------------------------------------------------------------------------------------------------------------------------------------------------------------------------------------------------------------------------------------------------------------------------------------------------------------------------------------------------------------------------------------------------------------------------------------------------------------------------------------------------------------------------------------------------------------------------------------------------------------------------------------------------------------------------------------------------------------------------------------------------------------------------------------------------------------------------------------------------------------------------------------------------------------------------------------------------------------------------------------------------------------------------------------------------------------------------------------------------------------------------------------ATGACATCCAAAGATTACTACTTTGACTCCTACGCACACTTTGGCATCCACGAGGAGATGCTGAAGGACGAGGTGCGCACCCTCACTTACCGCAACTCCATGTTTCATAACCGGCACCTCTTCAAGGACAAGGTGGTGCTGGACGTCGGCTCGGGCACCGGCATCCTCTGCATGTTTGCTGCCAAGGCCGGGGCCCGCAAGGTCATCGGGATCGAGTGTTCCAGTATCTCTGATTATGCGGTGAAGATCGTCAAAGCCAACAAGTTAGACCACGTGGTGACCATCATCAAGGGGAAGGTGGAGGAGGTGGAGCTCCCAGTGGAGAAGGTGGACATCATCATCAGCGAGTGGATGGGCTACTGCCTCTTCTACGAGTCCATGCTCAACACCGTGCTCTATGCCCGGGACAAGTGGCTGGCGCCCGATGGCCTCATCTTCCCAGACCGGGCCACGCTGTATGTGACGGCCATCGAGGACCGGCA----------------------------------------------------------------------------------------------------------------------------------------------------------------------------------------------------------------------------------------------------------------------------------------------------------------------------------------------------------------------------------------------------------------------------------------------------------------------------------------------------------------------------------------------------------------------------------------------------------------------------------------------------------------------------------------------------------------------------------------------------------------------------------------------------------------------------------------------------------------------------------------------------------------------------------------------------------------------------------------------------------------------------------------------------------------------------------------------------------------------------------------------------------------------------------------------------------------------------------------------------------------------------------------------------------------------------------------------------------------------------------------------------------------------------------------------------------------------------------------------------------------------------------------------------------------------
ENST00000527382_90_90;------------------------------------------------------------------------------------------------------------------------------------------------------------------------------------------------------------------------------------------------------------------------------------------------------------------------------------------------------------------------------------------------------------------------------------------------------------------------------------------------------------------------------------------------------------------------------------------------------------------------------------------------------------------------------------------------------------------------------------------------------------------------------------------------------------------------------------------------------------------------------------------------------------------------------------------------------------------------------------------------------------------------------------------------------------------------------------------------------------------------------------------------------------------------------------------------------------------------------------------------------------------------------------------------------------------------------------------------------------------------------------------ATGACATCCAAAGATTACTACTTTGACTCCTACGCACACTTTGGCATCCACGAGGAGATGCTGAAGGACGAGGTGCGCACCCTCACTTACCGCAACTCCATGTTTCATAACCGGCACCTCTTCAAGGACAAGGTGGTGCTGGACGTCGGCTCGGGCACCGGCATCCTCTGCATGTTTGCTGCCAAGGCCGGGGCCCGCAAGGTCATCGGGATCGAGTGTTCCAGTATCTCTGATTATGCGGTGAAGATCGTCAAAGCCAACAAGTTAGACCACGTGGTGACCATCATCAAGGGGAAGGTGGAGGAGGTGGAGCTCCCAGTGGAGAAGGTGGACATCATCATCAGCGAGTGGATGGGCTACTGCCTCTTCTACGAGTCCATGCTCAACACCGTGCTCTATGCCCGGGACAAGTGGCTGGCGCCCGATGGCCTCATCTTCCCAGACCGGGCCACGCTGTATGTGACGGCCATCGAGGACCGGCAGTACAAAGACTACAAGATCCACTGGTGGGAGAACGTGTATGGCTTCGACATGTCTTGCATCAAAGATGTGGCCATTAAGGAGCCCCTAGTGGATGTCGTGGACCCCAAACAGCTGGTCACCAACGCCTGCCTCA--------------------------------------------------------------------------------------------------------------------------------------------------------------------------------------------------------------------------------------------------------------------------------------------------------------------------------------------------------------------------------------------------------------------------------------------------------------------------------------------------------------------------------------------------------------------------------------------------------------------------------------------------------------------------------------------------------------------------------------------------------------------------------------------------------------------------------------------------------------------------------------------------------------------------------------------------------------------------------------------------------------------------------------------------------------------------------------------------------------------------------------------------------------------------------------------------------------------------------------------------------------------------------------------------------------------------------------------------------------------------------------------------------------------------------
ENST00000528623_90_90;---------------------------------------------------------------------------------------------------------------------------------------------------------------------------------------------------------------------------------------------------------------------------------------------------------------------------------------------------------------------------------------------------------------------------------------------------------------------------------------------------------------------------------------------------------------------------------------------------------------------------------------------------------------------------------------------------------------------------------------------------------------------------------------------------------------------------------------------------------------------------------------------------------------------------------------------------------------------------------------------------------------------------------------------------------------------------------------------------------------------------------------------------------------------------------------------------------------------------------------------------------------------------------------------------ATGGTAGGCGTGGCTGAGGTG---------------------TCCTGTGGCCAGGCGGAAAGCAGTGAGAAGCCCAACGCTGAGGACATGACATCCAAAGATTACTACTTTGACTCCTACGCACACTTTGGCATCCACGAGGAGATGCTGAAGGACGAGGTGCGCACCCTCACTTACCGCAACTCCATGTTTCATAACCGGCACCTCTTCA--------------------------------------------------------------------------------------------------------------------------------------------------------------------------------------------------------------------------------------------------------------------------------------------------------------------------------------------------------------------------------------------------------------------------------------------------------------------------------------------------------------------------------------------------------------------------------------------------------------------------------------------------------------------------------------------------------------------------------------------------------------------------------------------------------------------------------------------------------------------------------------------------------------------------------------------------------------------------------------------------------------------------------------------------------------------------------------------------------------------------------------------------------------------------------------------------------------------------------------------------------------------------------------------------------------------------------------------------------------------------------------------------------------------------------------------------------------------------------------------------------------------------------------------------------------------------------------------------------------------------------------------------------------------------------------------------------------------------------------------------------------------------------------------------------------------------------------------------------------------------------------------------------------------------------------------
ENST00000529284_90_90;------------------------------------------------------------------------------------------------------------------------------------------------------------------------------------------------------------------------------------------------------------------------------------------------------------------------------------------------------------------------------------------------------------------------------------------------------------------------------------------------------------------------------------------------------------------------------------------------------------------------------------------------------------------------------------------------------------------------------------------------------------------------------------------------------------------------------------------------------------------------------------------------------------------------------------------------------------------------------------------------------------------------------------------------------------------------------------------------------------------------------------------------------------------------------------------------------------------------------------------------------------------------------------------------------------------------------------------------------------------------------------------ATGACATCCAAAGATTACTACTTTGACTCCTACGCACACTTTGGCATCCACGAGGAGATGCTGAAGGACGAGGTGCGCACCCTCACTTACCGCAACTCCATGTTTCATAACCGGCACCTCTTCAAGGACAAGGTGGTGCTGGACGTCGGCTCGGGCACCGGCATCCTCTGCATGTTTGCTGCCAAGGCCGGGGCCCGCAAGGTCATCGGGATCGAGTGTTCCAGTATCTCTGATTATGCGGTGAAGATCGTCAAAGCCAACAAGTTAGACCACGTGGTGACCATCATCAAGGGGAAGGTGGAGGAGGTGGAGCTCCCAGTGGAGAAGGTGGACATCATCATCAGCGAGTGGATGGGCTACTGCCTCTTCTACGAGTCCATGCTCAACACCGTGCTCTATGCCCGGGACAAGTGGCTGGCGCCCGATGGCCTCATCTTCCCAGACCGGGCCACGCTGTATGTGACGGCCATCGAGGACCGG------------------------------------------------------------------------------------------------------------------------------------------------------------------------------------------------------------------------------------------------------------------------------------------------------------------------------------------------------------------------------------------------------------------------------------------------------------------------------------------------------------------------------------------------------------------------------------------------------------------------------------------------------------------------------------------------------------------------------------------------------------------------------------------------------------------------------------------------------------------------------------------------------------------------------------------------------------------------------------------------------------------------------------------------------------------------------------------------------------------------------------------------------------------------------------------------------------------------------------------------------------------------------------------------------------------------------------------------------------------------------------------------------------------------------------------------------------------------------------------------------------------------------------------------------------------------
ENST00000529836_90_90;---------------------------------------------------------------------------------------------------------------------------------------------------------------------------------------------------------------------------------------------------------------------------------------------------------------------------------------------------------------------------------------------------------------------------------------------------------------------------------------------------------------------------------------------------------------------------------------------------------------------------------------------------------------------------------------------------------------------------------------------------------------------------------------------------------------------------------------------------------------------------------------------------------------------------------------------------------------------------------------------------------------------------------------------------------------------------------------------------------------------------------------------------------------------------------------------------------------------------------------------------------------------------------------------------ATGGTAGGCGTGGCTGAGGTG---------------------TCCTGTGGCCAGGCGGAAAGCAGTGAGAAGCCCAACGCTGAGGACATGACATCCAAAGATTACTACTTTGACTCCTACGCACACTTTGGCATCCACGAGGAGATGCTGAAGGACGAGGTGCGCACCCTCACTTACCGCAACTCCATGTTTCATAACCGGCACCTCTTCAAGGACAAGGTGGTGCTGGACGTCGGCTCGGGCACCGGCATCCTCTGCATGTTTGCTGCCAAGGCCGGGGCCCGCAAGGTCATCGGGATCGAGTGTTCCAGTATCTCTGATTATGCGGTGAAGATCGTCAAAGCCAACAAG------------------------------------------------------------------------------------------------------------------------------------------------------------------------------------------------------------------------------------------------------------------------------------------------------------------------------------------------------------------------------------------------------------------------------------------------------------------------------------------------------------------------------------------------------------------------------------------------------------------------------------------------------------------------------------------------------------------------------------------------------------------------------------------------------------------------------------------------------------------------------------------------------------------------------------------------------------------------------------------------------------------------------------------------------------------------------------------------------------------------------------------------------------------------------------------------------------------------------------------------------------------------------------------------------------------------------------------------------------------------------------------------------------------------------------------------------------------------------------------------------------------------------------------------------------------------------------------------------------------------------------------------------------------------------------------------------------------------------------------------------------------------------------------------
ENST00000532489_90_90;------------------------------------------------------------------------------------------------------------------------------------------------------------------------------------------------------------------------------------------------------------------------------------------------------------------------------------------------------------------------------------------------------------------------------------------------------------------------------------------------------------------------------------------------------------------------------------------------------------------------------------------------------------------------------------------------------------------------------------------------------------------------------------------------------------------------------------------------------------------------------------------------------------------------------------------------------------------------------------------------------------------------------------------------------------------------------------------------------------------------------------------------------------------------------------------------------------------------------------------------------------------------------------------------------------------------------------------------------------------------------------------ATGACATCCAAAGATTACTACTTTGACTCCTACGCACACTTTGGCATCCACGAGGAGATGCTGAAGGACGAGGTGCGCACCCTCACTTACCGCAACTCCATGTTTCATAACCGGCACCTCTTCAAGGACAAGGTGGTGCTGGACGTCGGCTCGGGCACCGGCATCCTCTGCATGTTTGCTGCCAAGGCCGGGGCCCGCAAGGTCATCGGGATCGAGTGTTCCAGTATCTCTGATTATGCGGTGAAGATCGTCAAAGCCAACAAGTTAGACCACGTGGTGACCATCATCAAGGGGAAGGTGGAGGAGGTGGAGCTCCCAGTGGAGAAGGTGGACATCATCATCAGCGAGTGGATGGGCTACTGCCTCTTCTACGAGTCCATGCTCAACACCGTGCTCTATGCCCGGGACAAGTGGCTGGCGCCCGATGGCCTCATCTTCCCAGACCGGGCCACGCTGTATGTGACGGCCATCGAGGACCGGCAGTACAAAGACTACAAGATCCACTGGTGGGAGAACGTGTATGGCTTCGACATGTCTTGCATCAAAGATGTGGCCATTAAGGAGCCCCTAGTGGATGTCGTGGACCCCAAACAGCTGGTCACCAACGCCTGCCTCATAAAGGAGGTGGACATCTATACCGTCAAGGTGGAAGACCTGACCTTCACCTCCCCGTTCTGCCTGCAAGTGAAGCGGAATGACTACGTGCACGCCCTGGTGGCCTACTTCAACATCGAGTTCACACGCTGCCACAAGAGGACCGGCTTCTCCACCAGCCCCGAGTCCCCGTACACGCACTGGAAGCAGACGGTGTTCTACATGGAGGACTACCTGACCGTGAAGACGGGCGAGGAGATCTTCGGCACCATCGGCATGCGGCCCAACGCCAAGAACAACCGGGACCTGGACTTCACCATCGACCTGGACTTCAAGGGCCAGCTGTGCGAGCTGTCCTGCTCCACCGACTACCGGATGCGC---------------------------------------------------------------------------------------------------------------------------------------------------------------------------------------------------------------------------------------------------------------------------------------------------------------------------------------------------------------------------------------------------------------------------------------------------------------------------------------------------------------------------------------------------------------------------------------------------------------------------------------------------------------------------------------------------------------------------------------------------------------------------------------------------------------------------------------------------------------------------------------------------------------------------------------------------------------------------------------------------------------------------------------------------------
ENST00000534280_90_90;----------------------------------------------------------------------------------------------------------------------------------------------------------------------------------------------------------------------------------------------------------------------------------------------------------------------------------------------------------------------------------------------------------------------------------------------------------------------------------------------------------------------------------------------------------------------------------------------------------------------------------------------------------------------------------------------------------------------------------------------------------------------------------------------------------------------------------------------------------------------------------------------------ATGGCGGCAGCCGAGGCCGCGAACTGCATCATGGAG------------------------------------------------------------------------------------------------------------------------------------------------------------------------------------------AATTTTGTAGCCACCTTGGC--TAATGGGATGAGCCTCCAGCCGCCTCTTGAAGAAGTAACCCCCTTTGCCCTTCCCTGTGTCTGCCCCCATTTTCCT---TCCCCTCCCCTCCCCAGCTGTGGGCTGAGC---------------------------------------------------------------------------------------------------------------------------------------------------------------------------------------------------------------------------------------------------------------------------------------------------------------------------------------------------------------------------------------------------------------------------------------------------------------------------------------------------------------------------------------------------------------------------------------------------------------------------------------------------------------------------------------------------------------------------------------------------------------------------------------------------------------------------------------------------------------------------------------------------------------------------------------------------------------------------------------------------------------------------------------------------------------------------------------------------------------------------------------------------------------------------------------------------------------------------------------------------------------------------------------------------------------------------------------------------------------------------------------------------------------------------------------------------------------------------------------------------------------------------------------------------------------------------------------------------------------------------------------------------------------------------------------------------------------------------------------------------------------------------------------------------------------------------------------------------------------------------------------------------------------------------------------------------------------------------------------------------------------------------------------------------------------------------------------------------------------------------------------------------------------------------------------------
ENST00000534465_90_90;------------------------------------------------------------------------------------------------------------------------------------------------------------------------------------------------------------------------------------------------------------------------------------------------------------------------------------------------------------------------------------------------------------------------------------------------------------------------------------------------------------------------------------------------------------------------------------------------------------------------------------------------------------------------------------------------------------------------------------------------------------------------------------------------------------------------------------------------------------------------------------------------------------------------------------------------------------------------------------------------------------------------------------------------------------------------------------------------------------------------------------------------------------------------------------------------------------------------------------------------------------------------------------------------------------------------------------------------------------------------------------------ATGACATCCAAAGATTACTACTTTGACTCCTACGCACACTTTGGCATCCACGAGGAGATGCTGAAGGACGAGGTGCGCACCCTCACTTACCGCAACTCCATGTTTCATAACCGGCACCTCTTCAAGGACAAGGTGGTGCTGGACGTCGGCTCGGGCACCGGCATCCTCTGCATGTTTGCTGCCAAGGCCGGGGCCCGCAAGGTCATCGGGATCGAGTGTTCCAGTATCTCTGATTATGCGGTGAAGATCGTCAAAGCCAACAAGTTAGACCACGTGGTGACCATCATCAAGGGGAAGGTGGAGGAGGTGGAGCTCCCAGTGGAGAAGGTGGACATCATCATCAGCGAGTGGATGGGCTACTGCCTCTTCTACGAGTCCATGCTCAACACCGTGCTCTATGCCCGGGACAAGTGGCTGGCGCCCGATGGCCTCATCTTCCCAGACCGGGCCACGCTGTATGTGACGGCCATCGAGGACCGGCAGTACAAAGACTACAAGATCCACTGGTGGGAGAACGTGTATGGCTTCGACATGTCTTGCATCAAAGATGTGGCCATTAAGGAGCCCCTAGTGGATGTCGTGGACCCCAAACAGCTGGTCACCAACGCCTGCCTCATAAAG---------------------------------------------------------------------------------------------------------------------------------------------------------------------------------------------------------------------------------------------------------------------------------------------------------------------------------------------------------------------------------------------------------------------------------------------------------------------------------------------------------------------------------------------------------------------------------------------------------------------------------------------------------------------------------------------------------------------------------------------------------------------------------------------------------------------------------------------------------------------------------------------------------------------------------------------------------------------------------------------------------------------------------------------------------------------------------------------------------------------------------------------------------------------------------------------------------------------------------------------------------------------------------------------------------------------------------------------------------------------------------------------------------------------------
ENST00000610806_90_90;----------------------------------------------------------------------------------------------------------------------------------------------------------------------------------------------------------------------------------------------------------------------------------------------------------------------------------------------------------------------------------------------------------------------------------------------------------------------------------------------------------------------------------------------------------------------------------------------------------------------------------------------------------------------------------------------------------------------------------------------------------------------------------------------------------------------------------------------------------------------------------------------------ATGGCGGCAGCCGAGGCCGCGAACTGCATCATGGAG-----------------------------------------------------------------------------------------------------------------------------------------------------------------------------------------------------------------------------------------------------------------------------------------------------------------------------------------------------------------------------GTG---------------------TCCTGTGGCCAGGCGGAAAGCAGTGAGAAGCCCAACGCTGAGGACATGACATCCAAAGATTACTACTTTGACTCCTACGCACACTTTGGCATCCACGAGGAGATGCTGAAGGACGAGGTGCGCACCCTCACTTACCGCAACTCCATGTTTCATAACCGGCACCTCTTCAAGGACAAGGTGGTGCTGGACGTCGGCTCGGGCACCGGCATCCTCTGCATGTTTGCTGCCAAGGCCGGGGCCCGCAAGGTCATCGGGATCGAGTGTTCCAGTATCTCTGATTATGCGGTGAAGATCGTCAAAGCCAACAAGTTAGACCACGTGGTGACCATCATCAAGGGGAAGGTGGAGGAGGTGGAGCTCCCAGTGGAGAAGGTGGACATCATCATCAGCGAGTGGATGGGCTACTGCCTCTTCTACGAGTCCATGCTCAACACCGTGCTCTATGCCCGGGACAAGTGGCTG------------------------------------------------------------------------------------------------------------------------------------------------------------------------------------------------------------GAGGTGGACATCTATACCGTCAAGGTGGAAGACCTGACCTTCACCTCCCCGTTCTGCCTGCAAGTGAAGCGGAATGACTACGTGCACGCCCTGGTGGCCTACTTCAACATCGAGTTCACACGCTGCCACAAGAGGACCGGCTTCTCCACCAGCCCCGAGTCCCCGTACACGCACTGGAAGCAGACGGTGTTCTACATGGAGGACTACCTGACCGTGAAGACGGGCGAGGAGATCTTCGGCACCATCGGCATGCGGCCCAACGCCAAGAACAACCGGGACCTGGACTTCACCATCGACCTGGACTTCAAGGGCCAGCTGTGCGAGCTGTCCTGCTCCACCGACTACCGGATGCGC---------------------------------------------------------------------------------------------------------------------------------------------------------------------------------------------------------------------------------------------------------------------------------------------------------------------------------------------------------------------------------------------------------------------------------------------------------------------------------------------------------------------------------------------------------------------------------------------------------------------------------------------------------------------------------------------------------------------------------------------------------------------------------------------------------------------------------------------------------------------------------------------------------------------------------------------------------------------------------------------------------------------------------------------------------
ENSMUST00000045325_90_90;----------------------------------------------------------------------------------------------------------------------------------------------------------------------------------------------------------------------------------------------------------------------------------------------------------------------------------------------------------------------------------------------------------------------------------------------------------------------------------------------------------------------------------------------------------------------------------------------------------------------------------------------------------------------------------------------------------------------------------------------------------------------------------------------------------------------------------------------------------------------------------------------------ATGGCGGCAGCCGAGGCCGCGAACTGCATCATGGA------------------------------------------------------------------------------------------------------------------------------------------------------------------------------------------G-----------------------------------------------------------------------------------------------------------------------------------------------------------------------------------------------------------------------------------------------------------------------------------------------------------------ATGCTGAAGGATGAGGTGCGCACCCTCACATACCGCAACTCCATGTTTCACAATCGGCATCTCTTCAAAGACAAGGTGGTGCTGGATGTGGGCTCAGGCACTGGCATCCTCTGCATGTTTGCTGCCAAGGCGGGGGCCCGCAAGGTTATTGGGATTGAGTGTTCCAGTATCTCCGATTATGCTGTGAAGATTGTCAAAGCCAACAAGTTAGACCATGTGGTGACCATCATCAAGGGCAAGGTGGAGGAGGTGGAGCTGCCCGTGGAGAAGGTGGACATCATCATCAGCGAGTGGATGGGTTACTGCCTCTTCTACGAGTCCATGCTCAACACCGTGCTGCACGCTCGGGACAAGTGGCTGGCACCCGATGGCCTCATCTTCCCAGACCGGGCCACCTTGTATGTGACAGCCATTGAGGACCGACAATATAAAGACTACAAGATCCACTGGTGGGAGAACGTGTATGGCTTTGATATGTCCTGCATTAAAGACGTGGCCATCAAGGAGCCCCTGGTGGACGTGGTGGACCCAAAGCAGCTGGTCACCAATGCCTGCCTCATAAAGGAGGTGGACATCTACACAGTCAAGGTGGAGGACCTGACCTTCACCTCCCCCTTCTGCCTGCAAGTGAAGAGGAACGACTACGTGCACGCGCTGGTGGCTTACTTCAACATCGAGTTCACCCGATGCCACAAGAGGACCGGCTTCTCCACCAGTCCTGAGTCCCCGTACACACACTGGAAGCAGACTGTGTTCTACATGGAGGACTACCTAACAGTGAAGACTGGCGAGGAGATCTTTGGCACCATTGGAATGAGGCCCAATGCCAAAAACAATCGTGACTTGGACTTTACCATCGACCTGGACTTCAAGGGTCAGCTGTGTGAGCTCTCTTGTTCCACCGACTACCGGATGCGC---------------------------------------------------------------------------------------------------------------------------------------------------------------------------------------------------------------------------------------------------------------------------------------------------------------------------------------------------------------------------------------------------------------------------------------------------------------------------------------------------------------------------------------------------------------------------------------------------------------------------------------------------------------------------------------------------------------------------------------------------------------------------------------------------------------------------------------------------------------------------------------------------------------------------------------------------------------------------------------------------------------------------------------------------------
ENSMUST00000107843_90_90;----------------------------------------------------------------------------------------------------------------------------------------------------------------------------------------------------------------------------------------------------------------------------------------------------------------------------------------------------------------------------------------------------------------------------------------------------------------------------------------------------------------------------------------------------------------------------------------------------------------------------------------------------------------------------------------------------------------------------------------------------------------------------------------------------------------------------------------------------------------------------------------------------ATGGCGGCAGCCGAGGCCGCGAACTGCATCATGGA------------------------------------------------------------------------------------------------------------------------------------------------------------------------------------------GAATTTTGTAGCCACCTTGGC--TAATGGGATGAGCCTCCAGCCGCCTCTTGAAGAA------------------------------------------------------------------------------------------------------------------------------------------------GTTTCCTGTGGCCAAGCAGAAAGTAGTGAGAAGCCCAACGCTGAGGACATGACATCCAAAGACTACTACTTTGACTCCTATGCCCACTTTGGCATCCACGAGGAGATGCTGAAGGATGAGGTGCGCACCCTCACATACCGCAACTCCATGTTTCACAATCGGCATCTCTTCAAAGACAAGGTGGTGCTGGATGTGGGCTCAGGCACTGGCATCCTCTGCATGTTTGCTGCCAAGGCGGGGGCCCGCAAGGTTATTGGGATTGAGTGTTCCAGTATCTCCGATTATGCTGTGAAGATTGTCAAAGCCAACAAGTTAGACCATGTGGTGACCATCATCAAGGGCAAGGTGGAGGAGGTGGAGCTGCCCGTGGAGAAGGTGGACATCATCATCAGCGAGTGGATGGGTTACTGCCTCTTCTACGAGTCCATGCTCAACACCGTGCTGCACGCTCGGGACAAGTGGCTGGCACCCGATGGCCTCATCTTCCCAGACCGGGCCACCTTGTATGTGACAGCCATTGAGGACCGACAATATAAAGACTACAAGATCCACTGGTGGGAGAACGTGTATGGCTTTGATATGTCCTGCATTAAAGACGTGGCCATCAAGGAGCCCCTGGTGGACGTGGTGGACCCAAAGCAGCTGGTCACCAATGCCTGCCTCATAAAGGAGGTGGACATCTACACAGTCAAGGTGGAGGACCTGACCTTCACCTCCCCCTTCTGCCTGCAAGTGAAGAGGAACGACTACGTGCACGCGCTGGTGGCTTACTTCAACATCGAGTTCACCCGATGCCACAAGAGGACCGGCTTCTCCACCAGTCCTGAGTCCCCGTACACACACTGGAAGCAGACTGTGTTCTACATGGAGGACTACCTAACAGTGAAGACTGGCGAGGAGATCTTTGGCACCATTGGAATGAGGCCCAATGCCAAAAACAATCGTGACTTGGACTTTACCATCGACCTGGACTTCAAGGGTCAGCTGTGTGAGCTCTCTTGTTCCACCGACTACCGGATGCGC---------------------------------------------------------------------------------------------------------------------------------------------------------------------------------------------------------------------------------------------------------------------------------------------------------------------------------------------------------------------------------------------------------------------------------------------------------------------------------------------------------------------------------------------------------------------------------------------------------------------------------------------------------------------------------------------------------------------------------------------------------------------------------------------------------------------------------------------------------------------------------------------------------------------------------------------------------------------------------------------------------------------------------------------------------
ENSMUST00000207370_90_90;----------------------------------------------------------------------------------------------------------------------------------------------------------------------------------------------------------------------------------------------------------------------------------------------------------------------------------------------------------------------------------------------------------------------------------------------------------------------------------------------------------------------------------------------------------------------------------------------------------------------------------------------------------------------------------------------------------------------------------------------------------------------------------------------------------------------------------------------------------------------------------------------------ATGGCGGCAGCCGAGGCCGCGAACTGCATCATGGA------------------------------------------------------------------------------------------------------------------------------------------------------------------------------------------G--------------------------------------------------------------------------------------------------------------------------------------------------------------------------------------------------------GTTTCCTGTGGCCAAGCAGAAAGTAGTGAGAAGCCCAACGCTGAGGACATGACATCCAAAGACTACTACTTTGACTCCTATGCCCACTTTGGCATCCACGAGGAGATGCTGAAGGATGAGGTGCGCACCCTCACATACCGCAACTCCATGTTTCACAATCGGCATCTCTTCAAAGACAAGGTGGTGCTGGATGTGGGCTCAGGCACTGGCATCCTCTGCATGTTTGCTGCCAAGGCGGGGGCCCGCAAGGTTATTGGGATTGAGTGTTCCAGTATCTCCGATTATGCTGTGAAGATTGTCAAAGCCAACAAGTTAGACCATGTGGTGACCATCATCAAGGGCAAGGTGGAGGAGGTGGAGCTGCCCGTGGAGAAGGTGGACATCATCATCAGCGAGTGGATGGGTTACTGCCTCTTCTACGAGTCCATGCTCAACACCGTGCTGCACGCTCGGGACAAGTGGCTGGCACCCGATGGCCTCATCTTCCCAGACCGGGCCACCTTGTATGTGACAGCCATTGAGGACCGACAATATAAAGACTACAAGATCCACTGGTGGGAGAACGTGTATGGCTTTGATATGTCCTGCATTAAAGACGTGGCCATCAAGGAGCCCCTGGTGGACGTGGTGGACCCAAAGCAGCTGGTCACCAATGCCTGCCTCATAAAGGAGGTGGACATCTACACAGTCAAGGTGGAGGACCTGACCTTCACCTCCCCCTTCTGCCTGCAAGTGAAGAGGAACGACTACGTGCACGCGCTGGTGGCTTACTTCAACATCGAGTTCACCCGATGCCACAAGAGGACCGGCTTCTCCACCAGTCCTGAGTCCCCGTACACACACTGGAAGCAGACTGTGTTCTACATGGAGGACTACCTAACAGTGAAGACTGGCGAGGAGATCTTTGGCACCATTGGAATGAGGCCCAATGCCAAAAACAATCGTGACTTGGACTTTACCATCGACCTGGACTTCAAGGGTCAGCTGTGTGAGCTCTCTTGTTCCACCGACTACCGGATGCGC---------------------------------------------------------------------------------------------------------------------------------------------------------------------------------------------------------------------------------------------------------------------------------------------------------------------------------------------------------------------------------------------------------------------------------------------------------------------------------------------------------------------------------------------------------------------------------------------------------------------------------------------------------------------------------------------------------------------------------------------------------------------------------------------------------------------------------------------------------------------------------------------------------------------------------------------------------------------------------------------------------------------------------------------------------
ENSMUST00000207522_90_90;----------------------------------------------------------------------------------------------------------------------------------------------------------------------------------------------------------------------------------------------------------------------------------------------------------------------------------------------------------------------------------------------------------------------------------------------------------------------------------------------------------------------------------------------------------------------------------------------------------------------------------------------------------------------------------------------------------------------------------------------------------------------------------------------------------------------------------------------------------------------------------------------------ATGGCGGCAGCCGAGGCCGCGAACTGCATCATGGA------------------------------------------------------------------------------------------------------------------------------------------------------------------------------------------GAATTTTGTAGCCACCTTGGC--TAATGGGATGAGCCTCCAGCCGCCTCTTGAAGAACCCTCCTCCCCTGCCCTTCCATGTGTCTGCCCTGGCTCTGCCCTCTCTCCCTCCCTCCCCAGCTGTGGGCTGAGC---------------------------------------------------------------------------------------------------------------------------------------------------------------------------------------------------------------------------------------------------------------------------------------------------------------------------------------------------------------------------------------------------------------------------------------------------------------------------------------------------------------------------------------------------------------------------------------------------------------------------------------------------------------------------------------------------------------------------------------------------------------------------------------------------------------------------------------------------------------------------------------------------------------------------------------------------------------------------------------------------------------------------------------------------------------------------------------------------------------------------------------------------------------------------------------------------------------------------------------------------------------------------------------------------------------------------------------------------------------------------------------------------------------------------------------------------------------------------------------------------------------------------------------------------------------------------------------------------------------------------------------------------------------------------------------------------------------------------------------------------------------------------------------------------------------------------------------------------------------------------------------------------------------------------------------------------------------------------------------------------------------------------------------------------------------------------------------------------------------------------------------------------------------------------------------------
ENSMUST00000207659_90_90;----------------------------------------------------------------------------------------------------------------------------------------------------------------------------------------------------------------------------------------------------------------------------------------------------------------------------------------------------------------------------------------------------------------------------------------------------------------------------------------------------------------------------------------------------------------------------------------------------------------------------------------------------------------------------------------------------------------------------------------------------------------------------------------------------------------------------------------------------------------------------------------------------ATGGCGGCAGCCGAGGCCGCGAACTGCATCATGGA------------------------------------------------------------------------------------------------------------------------------------------------------------------------------------------G--------------------------------------------------------------------------------------------------------------------------------------------------------------------------------------------------------GTTTCCTGTGGCCAAGCAGAAAGTAGTGAGAAGCCCAACGCTGAGGACATGACATCCAAAGACTACTACTTTGACTCCTATGCCCACTTTGGCATCCACGAGGAGATGCTGAAGGATGAGGTGCGCACCCTCACATACCGCAACTCCATGTTTCACAATCGGCATCTCTTCAAAGACAAGGTGGTGCTGGATGTGGGCTCAGGCACTGGCATCCTCTGCATGTTTGCTGCCAAGGCGGGGGCCCGCAAGGTTATTGGGATTGAGTGTTCCAGTATCTCCGATTATGCTGTGAAGATTGTCAAAGCCAACAAGTTAGACCATGTGGTGACCATCATCAAGGGCAAGGTGGAGGAGGTGGAGCTGCCCGTGGAGAAG---------------------------------------------------------------------------------------------------------------------------------------------------------------------------------------------------------------------------------------------------------------------------------------------------------GTGGACATCTACACAGTCAAGGTGGAGGACCTGACCTTCACCTCCCCCTTCTGCCTGCAAGTGAAGAGGAACGACTACGTGCACGCGCTGGTGGCTTACTTCAACATCGAGTTCACCCGATGCCACAAGAGGACCGGCTTCTCCACCAGTCCTGAGTCCCCGTACACACACTGGAAGCAGACTGTGTTCTACATGGAGGACTACCTAACAGTGAAGACTGGCGAGGAGATCTTTGGCACCATTGGAATGAGGCCCAATGCCAAAAACAATCGTGACTTGGACTTTACCATCGACCTGGACTTCAAGGGTCAGCTGTGTGAGCTCTCTTGTTCCACCGACTACCGGATGCGC---------------------------------------------------------------------------------------------------------------------------------------------------------------------------------------------------------------------------------------------------------------------------------------------------------------------------------------------------------------------------------------------------------------------------------------------------------------------------------------------------------------------------------------------------------------------------------------------------------------------------------------------------------------------------------------------------------------------------------------------------------------------------------------------------------------------------------------------------------------------------------------------------------------------------------------------------------------------------------------------------------------------------------------------------------
ENSMUST00000208312_90_90;----------------------------------------------------------------------------------------------------------------------------------------------------------------------------------------------------------------------------------------------------------------------------------------------------------------------------------------------------------------------------------------------------------------------------------------------------------------------------------------------------------------------------------------------------------------------------------------------------------------------------------------------------------------------------------------------------------------------------------------------------------------------------------------------------------------------------------------------------------------------------------------------------ATGGCGGCAGCCGAGGCCGCGAACTGCATCATGGA------------------------------------------------------------------------------------------------------------------------------------------------------------------------------------------G--------------------------------------------------------------------------------------------------------------------------------------------------------------------------------------------------------GTTTCCTGTGGCCAAGCAGAAAGTAGTGAGAAGCCCAACGCTGAGGACATGACATCCAAAGACTACTACTTTGACTCCTATGCCCACTTTGGCATCCACGAGGAGATGCTGAAGGATGAGGTGCGCACCCTCACATACCGCAACTCCATGTTTCACAATCGGCATCTCTTCAAAGACAAGGTGGTGCTGGATGTGGGCTCAGGCACTGGCATCCTCTGCATGTTTGCTGCCAAGGCGGGGGCCCGCAAGGTTATTGGGATTGAGTGTTCCAGTATCTCCGATTATGCTGTGAAGATTGTCAAAGCCAACAAGTTAGACCATGTGGTGACCATCATCAAGGGCAAGGTGGAGGAGGTGGAGCTGCCCGTGGAGAAGGTGGACATCATCATCAGCGAGTGGATGGGTTACTGCCTCTTCTACGAGTCCATGCTCAACACCGTGCTGCACGCTCGGGACAAGTGGCTG------------------------------------------------------------------------------------------------------------------------------------------------------------------------------------------------------------GAGGTGGACATCTACACAGTCAAGGTGGAGGACCTGACCTTCACCTCCCCCTTCTGCCTGCAAGTGAAGAGGAACGACTACGTGCACGCGCTGGTGGCTTACTTCAACATCGAGTTCACCCGATGCCACAAGAGGACCGGCTTCTCCACCA--------------------------------------------------------------------------------------------------------------------------------------------------------------------------------------------------------------------------------------------------------------------------------------------------------------------------------------------------------------------------------------------------------------------------------------------------------------------------------------------------------------------------------------------------------------------------------------------------------------------------------------------------------------------------------------------------------------------------------------------------------------------------------------------------------------------------------------------------------------------------------------------------------------------------------------------------------------------------------------------------------------------------------------------------------------------------------------------------------------------------------------------------------------------------------------------------------------------------------------------------------------------
ENSMUST00000208778_90_90;----------------------------------------------------------------------------------------------------------------------------------------------------------------------------------------------------------------------------------------------------------------------------------------------------------------------------------------------------------------------------------------------------------------------------------------------------------------------------------------------------------------------------------------------------------------------------------------------------------------------------------------------------------------------------------------------------------------------------------------------------------------------------------------------------------------------------------------------------------------------------------------------------------------------------------------------------------------------------------------------------------------------------------------------------------------------------------------------------------------------------------------------------------------------------------------------------------------------------------------------------------------------------------------------------------------------------------------------------------------------------------------------------------------------------------------------------------------------------------------------------------------------------------------------------------------------------------------------------------------------------------------------------------------------------TGGTGACCATCATCAAGGGCAAGGTGGAGGAGGTGGAGCTGCCCGTGGAGAAGGTGGACATCATCATCAGCGAGTGGATGGGTTACTGCCTCTTCTACGAGTCCATGCTCAACACCGTGCTGCACGCTCGGGACAAGTGGCTGGCACCCGATGGCCTCATCTTCCCAGACCGGGCCACCTTGTATGTGACAGCCATTGAGGACCGACAATATAAAGACTACAAGATCCACT------------------------------------------ACGTGGCCATCAAGGAGCCCCTGGTGGACGTGGTGGACCCAAAGCAGCTGGTCACCAATGCCTGCCTCATAAAGGAGGTGGACATCTACACAGTCAAGGTGGAGGACCTGACCTTCACCTCCCCCTTCTGCCTGCAAGTGAAGAGGAACGACTACGTGCACGCGCTGGTGGCTTACTTCAACATCGAGTTCACCCGATGCCACAAGAGGACCGGCTTCTCCACCAGTCCTGAGTCCCCGTACACACACTGGAAGCAGACTGTGTTCTACATGGAGGACTACCTAACAGTGAAGACTGGCGAGGAGATCTTTGGCACCATTGGAATGAGGCCCAATGCCAAAAACAAT------------------------------------------------------------------------------------------------------------------------------------------------------------------------------------------------------------------------------------------------------------------------------------------------------------------------------------------------------------------------------------------------------------------------------------------------------------------------------------------------------------------------------------------------------------------------------------------------------------------------------------------------------------------------------------------------------------------------------------------------------------------------------------------------------------------------------------------------------------------------------------------------------------------------------------------------------------------------------------------------------------------------------------------------------------------------------------------------------------------------------------------
ENSMUST00000208829_90_90;----------------------------------------------------------------------------------------------------------------------------------------------------------------------------------------------------------------------------------------------------------------------------------------------------------------------------------------------------------------------------------------------------------------------------------------------------------------------------------------------------------------------------------------------------------------------------------------------------------------------------------------------------------------------------------------------------------------------------------------------------------------------------------------------------------------------------------------------------------------------------------------------------ATGGCGGCAGCCGAGGCCGCGAACTGCATCATGGA------------------------------------------------------------------------------------------------------------------------------------------------------------------------------------------G-----------------------------------------------------------------------------------------------------------------------------------------------------------------------------------------------------------------------------------------------------------------------------------------------------------------------------------------------------------------------------------------------------------------------------------------------------------------------------------------------------------------------------------------------------------------------------------------------------------------------------------------------------------------------------------------------------------------------------------------------------------------------------------------------------------------------------------------------------------------------------------------------------------------------------GTGGAGGACCTGACCTTCACCTCCCCCTTCTGCCTGCAAGTGAAGAGGAACGACTACGTGCACGCGCTGGTGGCTTACTTCAACATCGAGTTCACCCGATGCCACAAGAGGACCGGCTTCTCCACCAGTCCTGAGTCCCCGTACACACACTGGAAGCAGACTGTGTTCTACATGGAGGACTACCTAACAGTGAAGACTGGCGAGGAGATCTTTGGCACCATTGGAATGAGGCCCAATGCCAAAAACAATCGTGACTTGGACTTTACCATCGACCTGGACTTCAAGGGTCAGCTGTGTGAGCTCTCTTGTTCCACCGACTACCGGATGCGC---------------------------------------------------------------------------------------------------------------------------------------------------------------------------------------------------------------------------------------------------------------------------------------------------------------------------------------------------------------------------------------------------------------------------------------------------------------------------------------------------------------------------------------------------------------------------------------------------------------------------------------------------------------------------------------------------------------------------------------------------------------------------------------------------------------------------------------------------------------------------------------------------------------------------------------------------------------------------------------------------------------------------------------------------------
ENSMUST00000208938_90_90;------------------------------------------------------------------------------------------------------------------------------------------------------------------------------------------------------------------------------------------------------------------------------------------------------------------------------------------------------------------------------------------------------------------------------------------------------------------------------------------------------------------------------------------------------------------------------------------------------------------------------------------------------------------------------------------------------------------------------------------------------------------------------------------------------------------------------------------------------------------------------------------------------------------------------------------------------------------------------------------------------------------------------------------------------------------------------------------------------------------------------------------------------------------------------------------------------------------------------------------------------------------------------------------------------------------------------------------------------------------------------AACGCTGAGGACATGACATCCAAAGACTACTACTTTGACTCCTATGCCCACTTTGGCATCCACGAGGAGATGCTGAAGGATGAGGTGCGCACCCTCACATACCGCAACTCCATGTTTCACAATCGGCATCTCTTCAAAGACAAGGTGGTGCTGGATGTGGGCTCAGGCACTGGCATCCTCTGCATGTTTGCTGCCAAGGCGGGGGCCCGCAAGGTTATTGGGATTGAGTGTTCCAGTATCTCCGATTATGCTGTGAAGATTGTCAAAGCCAACAAGTTAGACCATG-----------------------------------------------------------------------------------------------------------------------------------------------GCACCCGATGGCCTCATCTTCCCAGACCGGGCCACCTTGTATGTGACAGCCAT----------------------------------------------------------------------------------------------------------------------------------------------------------------------------------------------------------------------------------------------------------------------------------------------------------------------------------------------------------------------------------------------------------------------------------------------------------------------------------------------------------------------------------------------------------------------------------------------------------------------------------------------------------------------------------------------------------------------------------------------------------------------------------------------------------------------------------------------------------------------------------------------------------------------------------------------------------------------------------------------------------------------------------------------------------------------------------------------------------------------------------------------------------------------------------------------------------------------------------------------------------------------------------------------------------------------------------------------------------------------------------------------------------------------------------------------------------------------------------------------------------------------------------------------------------------------------------
ENSMUST00000209056_90_90;------------------------------------------AG----------------------------------------------------------------------------------------------------------------------------------------------------------------------------------------------------------------------------------------------------------------------------------------------------------------------------------------------------------------------------------------------------------------------------------------------------------------------------------------------------------------------------------------------------------------------------------------------------------------------------------------------------------------------------------------------------------------------------------------------------------------------------------------------------------------------------------------------------------------------------------------------------------------------------------------------------------------------------------------------------------------------------------------------------------------------------------------------------------------------------------------------------------------------------------------------------------------------------------------------------------------------------------------------GTTTCCTGTGGCCAAGCAGAAAGTAGTGAGAAGCCCAACGCTGAGGACATGACATCCAAAGACTACTACTTTGACTCCTATGCCCACTTTGGCATCCACGAGGAGATGCTGAAGGATGAGGTGCGCACCCTCACATACCGCAACTCCATGTTTCACAATCGGCATCTCTTCAAAGACAAGGTGGTGCTGGATGTGGGCTCAGGCACTGGCATCCTCTGCATGTTTGCTGCCAAGGCGGGGGCCCGCAAG---------ATTGAGTGTTCCAGTATCTCCGATTATGCTGTGAAGATTGTCAAAGCCAACAAGTTAGACCATGTGGTGACCATCATCAAGGGCAAGGTGGAGGAGGTGGAGCTGCCCGTGGAGAAGGTGGACATCATCATCAGCGAGTGGATGGGTTACTGCCTCTTCTACGAGTCCATGCTCAACACCGTGCTGCACGCTCGGGACAAGTGGCTG---------------------------------------------------------------------------------------------------------------------------------------------------------------------------------------------------------------------------------------------------------------------------------------------------------------------------------------------------------------------------------------------------------------------------------------------------------------------------------------------------------------------------------------------------------------------------------------------------------------------------------------------------------------------------------------------------------------------------------------------------------------------------------------------------------------------------------------------------------------------------------------------------------------------------------------------------------------------------------------------------------------------------------------------------------------------------------------------------------------------------------------------------------------------------------------------------------------------------------------------------------------------------------------------------------------------------------------------------------------------------------------------------------------------------------------------------------------------------------------------------------------------------------------------------------------------------------------------------------------------------------------
ENSMUST00000209124_90_90;---------------------------------------------------------------------------------------------------------------------------------------------------------------------------------------------------------------------------------------------------------------------------------------------------------------------------------------------------------------------------------------------------------------------------------------------------------------------------------------------------------------------------------------------------------------------------------------------------------------------------------------------------------------------------------------------------------------------------------------------------------------------------------------------------------------------------------------------------------------------------------------------------------------------------------------------------------------------------------------------------------------------------------------------------------------------------------------------------------------------------------------------------------------------------------------------------------------------------------------------------------------------------------------------------------------------------------------------------------------------------------------------------------------------------------------------------------------------------------------------------------------------------------------------------------------------------------------------------------------------------------------------------------------------------------------------------------------------------------------------------------ATGGGTTACTGCCTCTTCTACGAGTCCATGCTCAACACCGTGCTGCACGCTCGGGACAAGTGGCTGGCACCCGATGGCCTCATCTTCCCAGACCGGGCCACCTTGTATGTGACAGCCATTGAGGACCGACAATATAAAGACTACAAGATCCACTGGTGGGAGAACGTGTATGGCTTTGATATGTCCTGCATTAAAGACGTGGCCATCAAGGAGCCCCTGGTGGACGTGGTGGACCCAAAGCAGCTGGTCACCAATGCCTGCCTCATAAAGGAGGTGGACATCTACACAGTCAAGGTGGAGGACCTGACCTTCACCTCCCCCTTCTGCCTGCAAGTGAAGAGGAACGACTACGTGCACGCGCTGGTGGCTTACTTCAACATCGAGTTCACCCGATGCCACAAGAGGACCGGCTTCTCCACCAGTCCTGAGTCCCCGTACACACACTGGAAGCAGACTGTGTTCTACATGGAGGACTACCTAACAGTGAAGACTGGCGAGGAGATCTTTGGCACCATTGGAATGAGGCCCAATGCCAAAAACAATCGTGACTTGGACTTTACCATCGACCTGGACTTCAAGGGTCAGCTGTGTGAGCTCTCTTGTTCCACCGACTACCGGATGCGC---------------------------------------------------------------------------------------------------------------------------------------------------------------------------------------------------------------------------------------------------------------------------------------------------------------------------------------------------------------------------------------------------------------------------------------------------------------------------------------------------------------------------------------------------------------------------------------------------------------------------------------------------------------------------------------------------------------------------------------------------------------------------------------------------------------------------------------------------------------------------------------------------------------------------------------------------------------------------------------------------------------------------------------------------------
